<?xml version="1.0" encoding="UTF-8"?>
<!DOCTYPE mapper PUBLIC "-//mybatis.org//DTD Mapper 3.0//EN" "http://mybatis.org/dtd/mybatis-3-mapper.dtd">
<mapper namespace="com.example.vms.mapper.UserMapper">

    <!-- 通用查询映射结果 -->
    <resultMap id="BaseResultMap" type="com.example.vms.entity.User">
        <id column="id" property="id" />
        <result column="no" property="no" />
        <result column="name" property="name" />
        <result column="password" property="password" />
        <result column="sex" property="sex" />
        <result column="email" property="email" />
        <result column="role_id" property="roleId" />
        <result column="isValid" property="isvalid" />
    </resultMap>

    <!-- 通用查询结果列 -->
    <sql id="Base_Column_List">
        id, no, name, password, sex, email, role_id, isValid
    </sql>

</mapper>
